,feature,plot_thresholds,error_counts
0,pose,0.01,1.0
1,pose,0.05,0.10415060510981623
2,pose,0.1,0.0019004930524428507
3,pose,0.2,0.00012550425818018824
4,pose,0.3,5.378753922008068e-05
5,pose,0.7,5.378753922008068e-05
6,pose,1.0,5.378753922008068e-05
7,pose,2.0,5.378753922008068e-05
8,pose,5.0,5.378753922008068e-05
9,pose,20.0,5.378753922008068e-05
10,pose,inf,5.378753922008068e-05
