,feature,plot_thresholds,error_counts
0,pose,0.01,0.9976047904191617
1,pose,0.05,0.9976047904191617
2,pose,0.1,0.9976047904191617
3,pose,0.2,0.9976047904191617
4,pose,0.3,0.9976047904191617
5,pose,0.7,0.9892215568862276
6,pose,1.0,0.932934131736527
7,pose,2.0,0.8826347305389222
8,pose,5.0,0.8383233532934131
9,pose,20.0,0.8347305389221557
10,pose,inf,0.8347305389221557
