,feature,plot_thresholds,error_counts
0,pose,0.01,0.9844311377245509
1,pose,0.05,0.8
2,pose,0.1,0.5161676646706587
3,pose,0.2,0.4311377245508982
4,pose,0.3,0.4167664670658683
5,pose,0.7,0.40838323353293415
6,pose,1.0,0.40119760479041916
7,pose,2.0,0.3844311377245509
8,pose,5.0,0.3029940119760479
9,pose,20.0,0.2718562874251497
10,pose,inf,0.2718562874251497
