,feature,plot_thresholds,error_counts
0,pose,0.01,1.0
1,pose,0.05,0.9998386373823398
2,pose,0.1,0.6104527117884356
3,pose,0.2,0.36683101748095026
4,pose,0.3,0.25084715374271627
5,pose,0.7,0.12562976243836843
6,pose,1.0,0.11725683549977589
7,pose,2.0,0.09635141192290453
8,pose,5.0,0.09622590766472434
9,pose,20.0,0.09622590766472434
10,pose,inf,0.09622590766472434
