,feature,plot_thresholds,error_counts
0,pose,0.01,1.0
1,pose,0.05,1.0
2,pose,0.1,1.0
3,pose,0.2,1.0
4,pose,0.3,1.0
5,pose,0.7,0.7849215598386374
6,pose,1.0,0.6809681757059615
7,pose,2.0,0.6635230838189153
8,pose,5.0,0.662698341550874
9,pose,20.0,0.6625549081129538
10,pose,inf,0.6625549081129538
