,feature,plot_thresholds,error_counts
0,pose,0.01,0.9940119760479041
1,pose,0.05,0.9940119760479041
2,pose,0.1,0.9940119760479041
3,pose,0.2,0.9940119760479041
4,pose,0.3,0.9233532934131736
5,pose,0.7,0.6467065868263473
6,pose,1.0,0.61437125748503
7,pose,2.0,0.5724550898203593
8,pose,5.0,0.46107784431137727
9,pose,20.0,0.429940119760479
10,pose,inf,0.4287425149700599
